PreparationMethod,RandomForestClassifier,LinearSVC,GaussianNB,KNeighborsClassifier
simple_encoding,0.6048442566571681,0.5380760538469097,0.5380760538469097,0.4750417608332514
PCA,0.5046182568536897,0.3394418787461924,0.5367004028692149,0.4750417608332514
