PreparationMethod,RandomForestClassifier,GaussianNB,KNeighborsClassifier,XGBClassifier,CatBoostClassifier
simple_encoding,0.6048442566571681,0.5380760538469097,0.5380760538469097,0.4750417608332514,
PCA,0.5046182568536897,0.3394418787461924,0.5367004028692149,0.4750417608332514,
random_projection,0.5424486587402968,0.5378795322786676,0.5237791097572959,0.5362582293406701,0.5435295273656284
