PreparationMethod,RandomForestClassifier,LinearSVC,GaussianNB,KNeighborsClassifier
simple_encoding,0.4109774652935338,0.2332247279541728,0.2332247279541728,0.3626222977387444
PCA,0.3627286641937096,0.2961751479930183,0.2976757553273007,0.3626222977387444
