Preparation Method,Random Forest Classifier,Linear SVC,KNN,Naive Bayes
Simple encoding,0.59943991353051,0.3126166846811437,0.5221578068192985,0.5380760538469097
